Chr;Internal;External;Combined;Diverse
GGA1;2.447442;2.154815;2.154815;1.908816
GGA7;0.470032;0.416778;0.416778;0.370614
GGA20;0.181604;0.162855;0.162855;0.14297
